"Reg No.";"Nick";"Display Name";"Website Reg";"Merchandise";"Attends Thu";"Attends Fri";"Attends Sat";"Allows Use of Data";"After Dark";"Short Description";"About the Artist";"About the Art";"Website";"Twitter";"Telegram";"Discord";"Tweet";"Art Preview Caption";"ThumbnailImg";"ArtistImg";"ArtImg";"Cat. Prints";"Cat. Artwork";"Cat. Fursuit";"Cat. Commissions";"Cat. Misc"
"5";"GothWolf";"GothWolf";"http://www.furaffinity.net/user/gothwolf/";"Commissions, Prints, Buttons, Originals, Stickers, Magnets...";"X";"X";"X";"";"";;;;;;;;;;;;;;;;;
"6";"Loewi";"Loewis and Whiteys Liqueurs";"";"Liqueurs";"X";"X";"X";"";"";;;;;;;;;;;;;;;;;
"7";"Werethrope";"Werethrope's Boofenings";"http://www.furaffinity.net/user/werethrope/";"Commissions, prints, shirts, apparel, and more merch!";"X";"X";"X";"";"";;;;;;;;;;;;;;;;;
"10";"lestrate";"lestrate";"http://furaffinity.net/user/fuckie";"prints, stickers, posters, t-shirts and on site commissions";"X";"X";"X";"";"";;;;;;;;;;;;;;;;;
"11";"Rein";"The Gryphon Generation";"https://www.kickstarter.com/projects/944781232/a-new-era?ref=user_menu";"Books, prints, pins, stickers, hats, shirts";"X";"X";"X";"";"";"I’m Rein the dogbird, an American from Tennessee. 
I’m an author, falconer and a total car nut.  
I write a novel series called The Gryphon Generation.";"";"";"https://amzn.to/2TRizZU";"Reinbourne";"";"Rein#0784";"The Gryphon Generation books, pins, stickers, jerseys, and prints are all available! I can be reached @reinbourne on twitter and telegram";"";"";"";"X";"";"";"";"";"X"
"12";"Royalty";"";"https://twitter.com/TheRoyalGryphon/status/1202998641037840384?s=19 link to a pic of my usual con display. by going to my main twitter you can see more about me too";"Selling merchandise such as keychains, lanyards, enamel pins, wallscrolls, and dakimakuras of my original art. Also offering at-con commissions!";"X";"X";"X";"";"";;;;;;;;;;;;;;;;;
"13";"Remco";"Flurb!";"http://flurb.me";"sex toys";"X";"X";"X";"";"X";"We make silicone 'toys' ^.-";"";"";"http://flurb.me";"@flurbme";"";"flurb#4495";"We make silicone 'toys' ^.- @flurbme on twitter and telegram, or look at www.flurb.me";"";"";"";"X";"";"";"";"";"X"
"14";"Khaosdog";"Khaosdog";"https://www.instagram.com/khaosdog/";"Skeches, prints, pins, lanyards, framed prints, stickers, portfolios, calendars, bags...";"X";"X";"X";"";"";"Chaotic canine creature, living in a gypsy wagon out in nature when not on roadtrip or outdoor adventures, creating art, creatures and headworlds...";"";"";"https://khaosdog.bigcartel.com/";"Khaosdog";"";"Khaosdog";"Fantasy, furry and wildlife art  by Khaisdog";"";"";"";"X";"";"";"";"";"X"
"15";"Suran";"YiffyToys";"https://yiffy.toys";"Adult toys";"X";"X";"X";"";"X";"European online shop for furry adult toys of most brands.
Shipped directly from Germany with no customs and low shipping fees within the EU.
Exclusive retailer for FurryStyle toys.";"";"";"https://yiffy.toys";"@YiffyToys";"";"@YiffyToys";"European online shop for furry adult toys. See https://yiffy.toys or contact us on Twitter at @YiffyToys";"";"";"";"X";"";"";"";"";"X"
"16";"Charlotte";"FUSSELSCHWARM";"https://twitter.com/Fusselschwarm";"Comics, Books, Games, Pride Merch";"X";"X";"X";"";"";;;;;;;;;;;;;;;;;
"17";"Winterbalg";"Winterbalg";"https://www.furaffinity.net/user/winterbalg/";"T-shirts, hoodies, prints, originals, stickers, pins, zines";"X";"X";"X";"";"";"Hi, I’m Winterbalg an artist from Germany and I have a deep passion for drawing sexy, colorful, dark or surreal Anthro art. I Love painting just as much as I love heavy inking and trying new concepts. While I enjoy drawing all kinds of species, monsters and humans - everything with hooves, kangaroos, felines and big wolves have a very special place in my heart :)";"";"";"http://bemonstrous.bigcartel.com";"winterbalg";"";"BeMonstrous#1435";"Shirts,Stickers,Pins,Prints,Commissions! Telegram: https://t.me/winterbalgart Shop: bemonstrous.bigcartel.com  Twitter: @Winterbalg";"";"";"";"X";"";"";"";"";"X"
"18";"Fiona";"";"https://www.artstation.com/fiona_merrilees";"Original artwork and prints, illustration commissions";"X";"X";"X";"";"";;;;;;;;;;;;;;;;;
"20";"Dragony";"DragonSew By Dragony";"http://t.me/DragonSew";"Sewd Things, like Pencilcases, Scafes, Small cases in general, Keychains, Reading Boner (höhö)";"X";"X";"X";"";"";;;;;;;;;;;;;;;;;
"21";"wolfgryph";"fowlcraft";"http://furaffinity.net/user/wolfgryph";"Handcrafted wood and resin Accessoires, prints, stickers, misc. merchandise";"X";"X";"X";"";"";;;;;;;;;;;;;;;;;
"22";"Mosh";"VixyDen";"https://www.etsy.com/shop/VixyDen";"Fetish accessories  and Gear";"X";"X";"X";"";"X";;;;;;;;;;;;;;;;;
"23";"SofiaLioness";"SofiaLioness";"https://www.furaffinity.net/user/belo4ka";"Prints, stickers, magnets etc. & sketch commissions";"X";"X";"X";"";"";;;;;;;;;;;;;;;;;
"24";"Kosse";"";"http://twitter.com/kosseart";"Badges commissions, enamel pins, lanyards, prints, button badges, wristbands, stickers";"X";"X";"X";"";"";;;;;;;;;;;;;;;;;
"25";"LadyFromEast";"Iwona ""LadyFromEast"" Milewska";"https://milewska.weebly.com";"Art prints, art postcards, badges and fine art commissions, original art, custom sketchbooks";"X";"X";"X";"";"";"Hi! My name is Iwona and I go by the screen name ""LadyFromEast"" in the Internet. I work full time as an architect and draw fine art in my leisure time. I have been drawing for over 18 years.";"";"";"https://milewska.weebly.com";"LadyFromEast";"";"LadyFromEast#8157";"Drawing fast commissions online! LadyFromEast on twitter, telegram, discord $ more, full prices, tos and other info on milewska-commissions.weebly.com";"";"";"";"X";"";"";"";"";"X"
"26";"Avanii";"Avanii";"https://instagram.com/kristel_storm/";"I sell primarily handmade plush animals (made of faux fur and minky), enamel pins, keychains (acrylic, wood, and plush), patches, and stickers. Would also like to draw sketch commissions of attendees' fursonas";"X";"X";"X";"";"";;;;;;;;;;;;;;;;;
"28";"DireCreatures";"DireCreatures";"https://www.direcreatures.com/";"Fursuit parts  such as sock paws, fursuit sandals, tails, handpaws, realistic costume bases, glass eyes, claws, jawsets, t-shirts, stickers, art commissions and prints";"X";"X";"X";"";"";;;;;;;;;;;;;;;;;
"29";"FurNEkko";"FurNEkko Creations";"https://www.instagram.com/furnekko.creations/?hl=de";"Fursuit heads, paws, tails, little fursuit props (and maybe stickers)";"X";"X";"X";"";"";;;;;;;;;;;;;;;;;
"30";"Fionka";"Fionka Fursuits";"https://www.instagram.com/fionka_fursuits/";"tails, paws, sockpaws, pillows, stffed toy food, badge commissions, art commissions, fur";"X";"X";"X";"";"";;;;;;;;;;;;;;;;;
"31";"Shex";"";"https://twitter.com/ShiggediShex/media";"80% Merch, 20% Commissions: Stickers (tons of!), Wooden Keycharms, Bookmarks, Postcard Prints | Badge Commissions, Watercolor Commissions, Sketch Commis";"X";"X";"X";"";"";;;;;;;;;;;;;;;;;
"32";"Hahul";"Hahul";"http://www.furaffinity.net/user/Hahul";"prints, sketch & badge commissions, keychains, pins, postcards etc.";"X";"X";"X";"";"";;;;;;;;;;;;;;;;;
"33";"Maquenda";"Maquenda";"https://www.furaffinity.net/user/maquenda/";"(large) Prints, tapestries, patches, pins, stickers, magnets, originals, commissions";"X";"X";"X";"";"";;;;;;;;;;;;;;;;;
"34";"Azana";"Bear Nub Studios";"http://Www.bearnubstudio.eu";"Harnesses, plushies, props and more!";"X";"X";"X";"";"";;;;;;;;;;;;;;;;;
"35";"kashmere";"Kashmere";"http://www.furaffinity.net/gallery/kashmere";"Commissions, prints, stickers, magnets, mugs,..";"X";"X";"X";"";"";;;;;;;;;;;;;;;;;
"36";"Wairu";"Wairu";"http://www.furaffinity.net/user/jackrow/";"Prints, on-site commissions";"X";"X";"X";"";"";;;;;;;;;;;;;;;;;
"37";"Alpha_Ki";"Alpha_Ki // Apfelwolf";"http://apfelwolf.de/";"Cookbook NOM, T-Shirts, Merchendise, Sketches and Prints";"X";"X";"X";"";"";;;;;;;;;;;;;;;;;
"38";"zelaphas";"Zelaphas";"https://zelaphas.com";"A3 Posters, metallic prints (16:9 and 1:1), shiny foil prints, luggage tags, stickers, scarves, mugs, ""goodie bags"" (with charms and buttons), zines, original ink commissions, possibly shirts";"X";"X";"X";"";"";;;;;;;;;;;;;;;;;
"39";"Schiraki";"";"http://www.schiraki.de";"prints, canvas prints, mousepads, commissions";"X";"X";"X";"";"";"Hi!
I am Schiraki and I draw everything that got a heartbeat. ;)
My style is semi realistic and painterly. Most of the time I work digital but I grab my trusty colored pencils from time to time.";"";"";"http://www.schiraki.de";"@schiraki";"";"Schiraki";"Meet @Schiraki the drawing roach! She has drawings if you have coin. Take a look at www.schiraki.de for more information. :)";"";"";"";"X";"";"";"";"";"X"
"40";"stracia";"Cee Gee Fursuits (Stracia)";"https://ceegeefursuits.webador.com/";"Fursuit part s+ commissions,Art commissions, Plushie commissions";"X";"X";"";"";"";;;;;;;;;;;;;;;;;
"41";"Sethaa";"Schneepardi Creations";"https://www.schneepardicreations.com/";"3D printed fursuit masks, fursuit parts, partial fursuits, merch like pins and buttons";"X";"X";"X";"";"";"I am a fulltime fursuit maker from Germany! 13years ago I joined the Furry Fandom and create fursuit since then :) My favorite style is the japanese kemono style, but I also do toony and realistic fursuits. You can buy parts to make your own fursuit in my etsy shop: https://www.etsy.com/shop/SchneepardiCreations";"";"";"https://www.schneepardicreations.com/";"https://twitter.com/SchneeCreations";"";"";"Fulltime fursuit maker from Germany";"";"";"";"X";"";"";"";"";"X"
"42";"Malamutt";"EZCooldown";"http://www.ezcooldown.com";"Cooling vests";"X";"X";"X";"";"";;;;;;;;;;;;;;;;;
"43";"Rotarr";"Rotarr";"http://www.flyqueen.net";"Sketch Commissions, Prints, Stickers, ...";"X";"X";"X";"";"";"Tiny Fly Artist from Austria, drawing Animal People for fun.";"";"";"http://www.tinyflything.com/";"TinyFlyThing";"";"Ro#9936";"Fly Art from Rotarr, contact via tinyflything.com";"";"";"";"X";"";"";"";"";"X"
"44";"Makibox";"Lemur Warriors";"https://www.flickr.com/people/154242185@N06/";"Prints & Photography";"X";"X";"X";"";"";"Welcome to lemur warriors !
At our online table, we sell goodies (charms, buttons, post cards), prints (A4) and commissions spots !";"";"";"https://www.furaffinity.net/user/felinar/";"https://twitter.com/Felinar_MrLemur";"";"MakiboX / lamboX#8518";"Hey, want some lemur stuff ? Wlecome to Lemur Warriors ! (Goodies, prints & Commissions)";"";"";"";"X";"";"";"";"";"X"
"45";"DisasterDen";"DisasterDen";"http://www.furaffinity.net/user/dendart/";"Badges, Charms, Prints, Stickers, Magnets";"X";"X";"X";"";"";;;;;;;;;;;;;;;;;
"46";"emmacreatures";"Emmacreatures";"http://Twitter.com/emmacreatures";"I make leather goods such as special leather bags and collars!";"X";"X";"X";"";"";;;;;;;;;;;;;;;;;
"47";"Mr.Lemur (Felinar)";"Lemur Warriors";"https://www.furaffinity.net/user/felinar/ - https://twitter.com/Felinar_MrLemur";"Prints, Badges, charms, stickers, artbook, commissions, etc";"X";"X";"X";"";"";;;;;;;;;;;;;;;;;
"48";"Blue_Panther";"Aaaaargh Shirts & Blue_Panther";"";"Aaaaargh Shits, On Site Commissions, Original Art Work, Prints and Merch";"X";"X";"X";"";"";"Bouncy Blue vector addict and ink blotch collector with a soft spot for soft pencils.

My special power is the summoning of poster art in various sizes.

Decades of Decadence Collection coming soon!";"";"";"https://www.furaffinity.net/user/bluepanther/";"theblueweirdo";"";"Blue_Panther #4493";"Decades worth of art work coming soon!";"";"";"";"X";"";"";"";"";"X"
"49";"Zookie";"";"https://www.weasyl.com/~zookie";"prints, DinA-5 Posca Marker commissions, pins, acrylic charms, sticker, buttons";"X";"X";"X";"";"";;;;;;;;;;;;;;;;;
"50";"Artonis";"Artonis";"http://www.furaffinity.net/user/artonis/";"Prints and original art commissions";"X";"X";"X";"";"";;;;;;;;;;;;;;;;;
"51";"Clear";"Clear Eclair";"https://twitter.com/clear_eclair  -  https://www.etsy.com/shop/ClearEclair";"Handcut acrylic keychains/pins, buttons, stickers, possibly an enamel pin design, sketch headshots";"X";"X";"X";"";"";;;;;;;;;;;;;;;;;
"52";"haps";"HAPS";"https://hapscommissions.wixsite.com/henriquesantos";"Prints, stickers and commissions";"X";"X";"X";"";"";;;;;;;;;;;;;;;;;
"53";"Frazzle";"";"http://www.furaffinity.net/user/frazzle/";"Printed goods (paper & merch) - calendars, art book, folios, pencil originals.";"X";"X";"X";"";"";;;;;;;;;;;;;;;;;
"54";"Rezzit";"Rezzit";"https://www.furaffinity.net/user/rezzit/";"Hand made plushies to original patterns unavailable anywhere else. This year with matching magnetic accessories!";"X";"X";"X";"";"";;;;;;;;;;;;;;;;;
"55";"Mylunee";"Cat and Cockatoo";"http://Www.twitter.com/CatandCockatoo";"Fursuit harnesses and muzzles, lanyards, tags and kigurumi's";"X";"X";"X";"";"";;;;;;;;;;;;;;;;;
"56";"ErdbeerJoghurt";"ErdbeerJoghurt";"https://psynyan.wixsite.com/erdbeer";"Commissions (From A3 to A5), Badges, Prints, Wooden Charms and Pins, Sticker, Wonder Bags, Con Book Drawings, Tombola,";"X";"X";"X";"";"";;;;;;;;;;;;;;;;;
"57";"Motomo Wahots";"Motomo Wahots and WMW66 Costumes";"";"Fursuit parts as tails, sockpaws, big cuddle paws. Fursuit making parts as casted foam toes, eyes, teeth etc. Sandals. Fursuit dryers for head, hands and bodysuit. Also art commissions, prints, mugs, small merch and t-shirts";"X";"X";"X";"";"";;;;;;;;;;;;;;;;;
"58";"Ultraviolet";"Ultraviolet";"https://www.furaffinity.net/user/ultraviolet/";"Digital sketch commissions, badge commissions, prints, charms, bins, buttons, artbooks & stickers.";"X";"X";"X";"";"";;;;;;;;;;;;;;;;;
"59";"Vader-San";"";"https://www.furaffinity.net/user/vader-san/";"Art Prints, Enamel Pins, Patches, Commissions";"X";"X";"X";"";"";;;;;;;;;;;;;;;;;
"60";"Pinky";"FurryFursuitMaker";"http://www.furaffinity.net/user/furryfursuitmaker/ & https://www.etsy.com/shop/FurryFursuitMaker";"Fursuit partial , fursuit feetpaws, tails, merch like lanyards, wristbands, pins, stickers, bags, door mats, shoes";"X";"X";"X";"";"";;;;;;;;;;;;;;;;;
"61";"Nievaris";"Nievaris";"http://www.furaffinity.net/user/nievaris/";"Prints, badges, stickers, badge commissions, charms";"X";"X";"X";"";"";;;;;;;;;;;;;;;;;
"62";"BloodhoundOmega";"BloodhoundOmega";"https://www.instagram.com/bloodhoundomega/";"prints, stickers, keychains, mini artbooks, mugs";"X";"X";"X";"";"";;;;;;;;;;;;;;;;;
"63";"Kraft_Standarte Workshop";"Kraft_Standarte workshop";"https://drive.google.com/folderview?id=1SjkRpGHGTtY8M42pa__haM4EH0H2IpIl";"Fursuits, fursuitparts and accessories, 3D prints details, tails, ears, stickers, badges, etc";"X";"X";"X";"";"";;;;;;;;;;;;;;;;;
"64";"Rudzik";"Rudzik";"http://www.furaffinity.net/user/rudzik";"Prints, stickers, pins, artbooks, commissions";"X";"X";"X";"";"";;;;;;;;;;;;;;;;;
"65";"gatorguts";"gatorguts";"https://twitter.com/gatorgutsart and http://gatorguts.weebly.com/portfolio.html";"Fursuit parts (premade and commission slots), handmade plush keychains and props, wooden keychains, stickers, lanyards";"X";"X";"X";"";"";;;;;;;;;;;;;;;;;
"66";"Karakina Fox";"Karakina Fox";"http://www.furaffinity.net/user/karakina/";"3D Prints, Commissions, T-Shirts[or similar], Pins, Stickers, Prints.";"X";"X";"X";"";"X";;;;;;;;;;;;;;;;;
"67";"Kindrid";"Kindrid";"http://imissbed.com";"Fuzzerfox fan art, generic furry art and geeky/gamer related items.";"X";"X";"X";"";"";;;;;;;;;;;;;;;;;
"68";"Chartie";"Fossa Studio";"";"Prints, comissions, stickers, tshirts";"X";"X";"X";"";"";;;;;;;;;;;;;;;;;
"69";"Grion";"Grion - FursuitUP";"http://www.fursuitup.com";"Badges, stickers, pins, car decals, original arts, fursuit paws and tails";"X";"X";"X";"";"";;;;;;;;;;;;;;;;;
"70";"Lycangel";"Lycangel";"http://www.furaffinity.net/user/lycangel/";"Prints, stickers,merchandise and commissions";"X";"X";"X";"";"";;;;;;;;;;;;;;;;;
"71";"Ahma";"Ahma";"http://www.furaffinity.net/gallery/ahma/";"Copic Marker Badge Commissions, Acrylic Charms, Acrylic/Wood Standees, Magnets, alot of Buttons, Sticker-Sheets, Notepads, Lanyards, Enamel-Pins, Prints and maybe T-Shirts";"X";"X";"X";"";"";;;;;;;;;;;;;;;;;
"72";"Rhovare";"";"http://www.rhovare.com";"pins, keychains, sticker, buttons, mugs, notepads, lanyards, standees, prints, blindbags, MAYBE clothing; also commissions for badges, buttons and maybe more";"X";"X";"X";"";"";;;;;;;;;;;;;;;;;
"73";"patch-work";"patch-work";"https://www.instagram.com/stahl_opal/";"prints, original drawins, commission drawings, stickers, mugs, jewelry, stationary nicknacks";"X";"X";"X";"";"";;;;;;;;;;;;;;;;;
"74";"FuzzyFurCreations";"FuzzyFurCreations";"https://fuzzyfurcreations.wixsite.com/home";"Traditional and digital badges on the spot, fursuit items, plushies.";"X";"X";"X";"";"";;;;;;;;;;;;;;;;;
"75";"DarkRat";"Blackfang Labs";"https://blackfanglabs.net";"Sextoys";"X";"X";"X";"";"X";"Adult fantasy toys made in germany.
Use coupon code ""EFDEALERSDEN"" for 10% off your order during EF!
Free shipping in germany.";"";"";"https://blackfanglabs.net";"blackfanglabs";"";"DarkRat#0211";"";"";"";"";"";"";"";"";"";"X"
"76";"Jenner";"Doc Rat";"http://www.docrat.com.au";"Doc Rat books. Art and sketch commissions.";"X";"X";"X";"";"";;;;;;;;;;;;;;;;;
"77";"Kayto Crafts";"Kayto Crafts";"https://kaytocrafts.weebly.com/";"Premade amigurumi plushies, props, keychains,.. or commissions of these types";"X";"X";"X";"";"";;;;;;;;;;;;;;;;;
"78";"Roku";"Crunchycurl";"http://crunchycurl.com";"LED Lamps, coasters, collar/badge tags, collars, harnesses";"X";"X";"X";"";"";;;;;;;;;;;;;;;;;
"79";"Akeela";"Akifu Toys";"http://www.akifutoys.com";"Silicone Toys and Trinkets";"X";"X";"X";"";"X";;;;;;;;;;;;;;;;;
"80";"Steel";"Steel";"https://www.furaffinity.net/user/steel/";"Limited prints a4 + A3, Prints, Stricker, tshirts, mouspads, sketchbooks, Sketchcommissions";"X";"X";"X";"";"";;;;;;;;;;;;;;;;;
"81";"Humming-Bunnybee";"Humming Bunnybee";"http://humming-bunnybee.com/";"Plushi bumblebees and special EF topic bumblebees; praline rat magnets; unique artdolls; unique plushies; Buttbags ans pillows; repair firstaidbags with EF topic fabric; individual Feltbadges;";"X";"X";"X";"";"";;;;;;;;;;;;;;;;;
"82";"Mirri";"";"http://www.furaffinity.net/user/mirri/";"Commissions, prints, original artwork, mugs, pins and other small merchandise";"X";"X";"X";"";"";;;;;;;;;;;;;;;;;
"83";"Loque";"DampfLoque";"https://dampfloque.carrd.co/";"Bound for Glory Collab Zine Vol. 1-3 / A5 to A3 pinup prints / Spicy Stickers and other kinds of merch / Sketch and Painting Commissions / Good Vibes";"X";"X";"X";"";"X";"The DampfLoque creates spicy imagery of the Furry kind. Likes tackling unusual Ideas and make ppl smile.";"";"";"https://dampfloque.carrd.co/";"DampfLoque";"";"DampfLoque#9726";"Steamy Anthro Animal Art by DampfLoque - Contactable at Telegram and Twitter via @DampfLoque !";"";"";"";"X";"";"";"";"";"X"
"84";"Konig";"Crow Party";"http://crow.party";"Prints, playmats, shirts, enamel pins";"X";"X";"X";"";"";;;;;;;;;;;;;;;;;
"85";"Dai Kage";"Toastercat Comics";"https://www.pixiv.net/member.php?id=26102004";"Selling the worlds STRONGEST female furry wrestling comic  FFC -""Furry Fight Chronicles""! Also selling prints, original works (SFW & NSFW) and offering commissions!";"X";"X";"X";"";"";;;;;;;;;;;;;;;;;
"86";"snofu";"Snofu";"https://snofu.carrd.co/";"Print Zines, Stickers, Sketch Commissions, Enamel Pins, Flags, Posters";"X";"X";"X";"";"X";;;;;;;;;;;;;;;;;
"87";"alby";"Alby Rabbit";"http://albinofruit.com";"Commissions, lanyards, stationery, enamel pins";"X";"X";"X";"";"";"My name is Alby! I am a bunny from the UK and I sell cute art and accessories!";"";"";"https://www.albys-space.com";"Albyrabbit";"";"Kay#1845";"Take a look at @albyrabbit’s cute art and store here - https://www.albys-space.com";"";"";"";"X";"";"";"";"";"X"
"89";"Enwy";"Fursonal Suits and creations";"http://fursonal-suits-and-creations.com";"Tshirts with original design, Charms, Premade fursuit parts, Premade fursuit partial, Stickers, Fursuit comissions";"X";"X";"X";"";"";;;;;;;;;;;;;;;;;
"90";"inuki";"Inuki";"http://www.furaffinity.net/user/inuki/";"sketch commissions,acryl ware(standee,charms)poster prints,magazine,pins and more";"X";"X";"X";"";"";;;;;;;;;;;;;;;;;
"91";"TaniDaReal";"TaniDaReal";"http://www.tanidareal.com";"Mood Badges, shirts, prints, sketches, beer coasters, magnets, buttons, portfolios, mugs, merchandise";"X";"X";"X";"";"";;;;;;;;;;;;;;;;;
"92";"Nightfox";"BlackPaw Productions";"http://www.blackpaw.de";"Books, magazines, comics, merchandise";"X";"X";"X";"";"";;;;;;;;;;;;;;;;;
"93";"Dragibuz";"";"https://www.furaffinity.net/gallery/dragibuz/";"Commissions on live (sketch & fullcolors promarkers), prints, pin's, magnets, buttons, charms, keychains";"X";"X";"X";"";"";;;;;;;;;;;;;;;;;
"94";"pyritie";"Pyritie";"http://etsy.com/shop/pyritie";"acrylic charms and stands, plushies and DIY kits (i.e., cut out pieces ready to sew together), embroidery patches, plush fursuit props";"X";"X";"X";"";"";;;;;;;;;;;;;;;;;
"95";"Dey Varah";"";"http://twitter.com/deyvarah";"prints, sketch commissions, stickers, pins, lanyards";"X";"X";"X";"";"";;;;;;;;;;;;;;;;;
"96";"Remi";"iimokookie";"http://www.furaffinity.net/gallery/iimokookie/";"tote bags, tshirts, prints, badges/pins, keychains, stickers, comics, fanart, original art and commissions";"X";"X";"X";"";"";;;;;;;;;;;;;;;;;
"97";"Spinal22";"";"https://www.furaffinity.net/user/spinal22/";"Commissions, prints, badges, buttons, keychains, ect.";"X";"X";"X";"";"X";;;;;;;;;;;;;;;;;
"98";"Anupap Kasook";"Anupap Kasook";"https://www.furaffinity.net/user/anupap/";"Homemade erotic comic, poster, sketch and digital commissions";"X";"X";"X";"";"X";;;;;;;;;;;;;;;;;
"99";"MineDoo";"MineDoo";"https://twitter.com/MineDoo_ , http://www.furaffinity.net/user/minedoo/";"Prints, commissions";"X";"X";"X";"";"";;;;;;;;;;;;;;;;;
"100";"Tabia Lioness";"Tabia Lioness";"http://furaffinity.net/user/tabia/   |   instagram.com/tabia.lio/";"Prints, stickers, magnets, bookmarks + sketch commissions";"X";"X";"X";"";"";;;;;;;;;;;;;;;;;
"101";"UmbreoNoctie";"";"https://www.instagram.com/umbreonoctie";"I'll propose live commissions (black and white, white pen on black paper, watercolor) and goodies like keychain, enamel pins, badges, stickers, small print, big print and framed painting.";"X";"X";"X";"";"";;;;;;;;;;;;;;;;;
"102";"kyrosh";"";"";"prints, small magazines, pins, stickers and trinkets as well as custom sketch commissions";"X";"X";"X";"";"X";;;;;;;;;;;;;;;;;
"103";"Mlice";"Mlice";"http://www.furaffinity.net/user/mlice/";"Traditional commission (portraits and conbadges watercoloured), prints, pins, buttons, keychains, patches, stickers";"X";"X";"X";"";"";;;;;;;;;;;;;;;;;
"104";"Furryratchet";"Furryratchet";"https://www.furaffinity.net/user/furryratchet/";"T-shirts, artbooks, Buttons, prints, mugs, cans, magents";"X";"X";"X";"";"X";;;;;;;;;;;;;;;;;
"105";"Sambers";"FurniqueMerch";"https://furniquemerch.com/";"We sell furry related merchandise, such as lanyards, keychains, wristbands and more";"X";"X";"X";"";"";;;;;;;;;;;;;;;;;
"106";"Vulniir";"Eurofurence Shop";"https://www.eurofurence.de/";"Official T-Shirts and Sponsor Services";"X";"X";"X";"";"";;;;;;;;;;;;;;;;;
"107";"Paper";"La bête Nwar";"http://www.furaffinity.net/user/floo/";"Drawing and badges commissions, merch selling (prints, stickers, buttons badges, enamel pins, original art, bag, charms)";"X";"X";"X";"";"";;;;;;;;;;;;;;;;;
"108";"Jukajo";"";"https://www.furaffinity.net/user/jukajo/";"I will be selling prints and other merchandise (like buttons, stickers, etc.) of my original artwork as well as onsite commissions.";"X";"X";"X";"";"";;;;;;;;;;;;;;;;;
"109";"AsbieArts";"AsbieArts";"https://www.furaffinity.net/user/asbellhant/";"Commissions, Prints and Dakimakuras, both safe and not safe for work";"X";"X";"X";"";"X";;;;;;;;;;;;;;;;;
"110";"Danero";"";"https://www.furaffinity.net/gallery/danero/ and https://twitter.com/randernsk";"A4/A3 prints, on-site commissions(watercolor, inks, sketches, and more), badge commissions, stickers, misc. merch";"X";"X";"X";"";"";;;;;;;;;;;;;;;;;
"111";"tretron";"Dutchcollar";"http://www.dutchcollar.com";"Collars, bracelets, faux Fur, faux leather, Fursuits";"X";"X";"X";"";"";;;;;;;;;;;;;;;;;
"112";"Shalinka";"Shalinka";"http://shalinka.net/";"Selling my art inspired by animals, nature and cultures from all over the world. I sell art prints, goodies, and original paintings. I will also work on badges commissions on the spot.";"X";"X";"X";"";"";;;;;;;;;;;;;;;;;
"113";"Tani the Lynx";"";"http://www.furaffinity.net/user/tanithelynx";"Hand drawn badges, on-site commissions, stickers, buttons, bookmarks, art prints and charms";"X";"X";"X";"";"";;;;;;;;;;;;;;;;;
"114";"Orphen Sirius";"Orphen Sirius";"http://www.furaffinity.net/user/orphen-sirius/";"Prints,Babge comissions, stikers,";"X";"X";"X";"";"";"Hello to all! I am a furry artist and I really love to share my work with you. >w<";"";"";"http://www.furaffinity.net/user/orphen-sirius/";"https://twitter.com/orphensirius";"";"";"";"";"";"";"";"";"";"";"";"X"
"115";"Zita";"";"https://www.cheetagonzita.com/";"On site Sketch-Commissions, Prints, Bookmarks, Keychains, Sticker, Buttons";"X";"X";"X";"";"";;;;;;;;;;;;;;;;;
"116";"Hanni the Liger";"Ligertier Plushmods";"https://twitter.com/plushmods";"Adult plushie modifications, sewing and stitching services, reparis";"X";"X";"X";"";"X";;;;;;;;;;;;;;;;;
"117";"OokamiKemono";"Ookami Kemono";"http://ookamikemono.weebly.com/";"Badges and illustration commissions";"X";"X";"X";"";"";;;;;;;;;;;;;;;;;
"118";"Nerventee";"";"https://www.deviantart.com/nerventee/gallery/";"Prints, Commissions (Badges, Sketches, Chibis), some Sewn handmade goods like lil plushies, fursuit props, bookmarks";"X";"X";"X";"";"";"My name is Nerventee, I am a 29 years old female animal artist from Germany. I draw mostly digital. I love canines, felines and horses! Come by and check my stuff! I offer sketches, Badges, Chibis and more!";"";"";"https://www.deviantart.com/nerventee/gallery/";"Nerventee";"";"Nerventee#1506";"Offering sketches, Badges, Chibis and more! Check out my stuff, dm me via Telegram @nerventee";"";"";"";"";"";"";"";"";"X"
"119";"Miles-DF";"Miles-DF";"https://twitter.com/miles_df";"Books, prints, commissions.";"X";"X";"X";"";"";;;;;;;;;;;;;;;;;
"120";"Tollwut";"";"https://www.amazon.de/Enyanische-Erkenntnis-Darnell-Tollwut-ebook/dp/B071GLJ5XQ/ref=sr_1_1?__mk_de_DE=%C3%85M%C3%85%C5%BD%C3%95%C3%91&keywords=Enyanische+erkenntnis&qid=1576843829&sr=8-1";"Bücher (Print sowie E-Book), Hörbuch und ggf. Poster und/oder Lesezeichen; Books (Print and E-Book), audiobook and possibly Poster and/or Bookmark";"X";"X";"X";"";"";;;;;;;;;;;;;;;;;
"121";"Dktorzi";"Dktorzi";"https://inkbunny.net/DoctorZi";"Prints, Mousepads, T-shirts, Pillows, Books.";"X";"X";"X";"";"";;;;;;;;;;;;;;;;;
"122";"Rin the Dragon";"";"";"Custom and 100+ different pre-printed Badge Ribbons. Coffee likeur.";"X";"X";"X";"";"";;;;;;;;;;;;;;;;;
"123";"Yulynh";"Yulynh";"http://www.furaffinity.net/user/adlynh/";"Prints, engraved wood, keychains, paintings, badges commissions";"X";"X";"X";"";"X";;;;;;;;;;;;;;;;;
"124";"Nerumi";"Nerumi Plushies";"https://drive.google.com/open?id=1IYg5BU3lBxR7ncwXrZP6GBgWwBcGOthA";"Custom plushies, props, fursuit accesories and soon my own printed designed products (backpacks, pencil cases, bandanas)";"X";"X";"X";"";"";"I'm a plush artist originally from Argentina, but living in Czech Republic.

In my shop you will find lots of collars, plush props, bandanas, and more accessories!

I also make custom plushies, feel free to inquiry ♥";"";"";"https://www.etsy.com/shop/NerumiPlushies";"@pancakelulu";"";"Pancake Lulu#3069";"Plush props, collars, bandanas & more! /NerumiPlushies @ Etsy/FA/FB .Contact @pancakelulu on Telegram/Twitter for custom plush inquiries ♥";"";"";"";"X";"";"";"";"";"X"
"125";"Morg";"Morg";"http://www.naughtymorg.com";"Comics, Prints and Commissions!";"X";"X";"X";"";"";;;;;;;;;;;;;;;;;
"126";"SpittyArtz";"";"https://www.deviantart.com/spittyartz";"badge commissions, custom painted figures made by me, buttons, prints, charms";"X";"X";"X";"";"";;;;;;;;;;;;;;;;;
"127";"FreesTyler";"";"http://www.furaffinity.net/user/freestyler";"Art commissions";"X";"X";"X";"";"";;;;;;;;;;;;;;;;;
"128";"Swarthylacine";"Tapapat Creations";"https://tapapatcreations.com/";"OOAK fursuit premade(s), OOAK fursuit parts (handpaws, tails), fursuit accessories (balaclava, belts), character designs, badges";"X";"X";"X";"";"";;;;;;;;;;;;;;;;;
"129";"V";"V-Art";"http://etsy.com/uk/shop/WerewolfVDesigns";"V-Art Clothing: Hats, T-Shirts, etc.";"X";"X";"X";"";"";"Hello! I'm V, based in the UK I run V-Art which is an online Furry apparel and merch store. :D";"";"";"http://etsy.com/uk/shop/WerewolfVDesigns";"@Werewolf_V";"";"";"Furry apparel! With free worldwide shipping!";"";"";"";"X";"";"";"";"";"X"
"130";"Faolan";"Faolan";"http://www.blackwolfjewellery.nl";"gemstone jewellery: pendants, earrings, necklaces, and single sample rocks.";"X";"X";"X";"";"";;;;;;;;;;;;;;;;;
"131";"Yulliandress";"Yulliandress";"http://www.furaffinity.net/user/yulliandress/";"books, prints, commissions.";"X";"X";"X";"";"";;;;;;;;;;;;;;;;;
"132";"Kael";"Kael Tiger";"http://www.furaffinity.net/user/kaeltiger/";"Acrylic Standees, badges, prints, comics, gaming cards, lanyards, shirts, commissions";"X";"X";"X";"";"";;;;;;;;;;;;;;;;;
"133";"drangir";"";"https://www.furaffinity.net/user/ikar/";"Commissions on site, prints, art related gadgets/accessories";"X";"X";"X";"";"";;;;;;;;;;;;;;;;;
"134";"Licantrox";"Rogue Fang";"http://Roguefang.com";"Furry apparel, drawings and merch.";"X";"X";"X";"";"";;;;;;;;;;;;;;;;;
"135";"Keidran";"";"";"Mugs, Cotton shopping bags, Sticker, Buttons and T-Shirts";"X";"X";"X";"";"";"I work together with several artists to bring you cute art on cotton bags, acrylic charms and other things!";"";"";"https://www.etsy.com/shop/TheAbyssShop";"@TheAbyssShop";"";"Katojana#9183";"Cute acrylic charms, stickers and more of cute animals!";"";"";"";"X";"";"";"";"";"X"
"136";"Red-IzaK";"Red-IzaK";"https://www.furaffinity.net/user/red-izak/";"prints, canvas prints, wall scrolls, commissions";"X";"X";"X";"";"";;;;;;;;;;;;;;;;;
"137";"baLOrKIn";"";"https://www.furaffinity.net/user/balorkin/";"Pride merch, Buttons, charms, pins, art prints & mouse mats";"X";"X";"X";"";"";;;;;;;;;;;;;;;;;
"138";"zmprl";"Naughty Wolf";"https://www.naughtywolftoys.com";"Naughty toys, paddles, dildos etc";"X";"X";"X";"";"X";;;;;;;;;;;;;;;;;
"139";"whire";"Made by Whire";"https://www.madebywhire.com/";"Patches, Plushies, Fursuit Supplies";"X";"X";"X";"";"";;;;;;;;;;;;;;;;;
"140";"Imanika";"Imanika";"https://www.furaffinity.net/user/imanika/";"Prints, postcards, keychains, plush tails, ears, small plush toys, hand made stuff, artbooks, commissions";"X";"X";"X";"";"";;;;;;;;;;;;;;;;;
"141";"Winters Howling";"Winters Howling";"https://www.wintershowling.com/";"Fursuit Partials, Fursuit Commissions, Props, Fursuit Accessories, Fursuit Sprays";"X";"X";"X";"";"";;;;;;;;;;;;;;;;;
"142";"Berneri";"Berneri";"https://twitter.com/BerneriART/media and https://twitter.com/koirakoirana";"Charms, enamel pins, cards, lanyards, magnets, stickers, commissions";"X";"X";"X";"";"";"Bern here! I'm Finnish media content designer and artist. I inhale my inspiration for my art from nature, creatures and animals. I love to play with colors and different kind of shapes and patterns. These things can be seen in my home as well in a form of a miniature jungle (I love plants too much), two cats, aquarium and some pet beetles.";"";"";"http://berneri.storenvy.com/";"@BerneriART";"";"Berneri#6969";"Creatures, nature themes and unique art with plenty of styles! You can contact me via Telegram @Berneri or Twitter @BerneriART";"";"";"";"X";"";"";"";"";"X"
"143";"Sekares Arisawa";"Sekares Arisawa";"https://www.deviantart.com/sekares-arisawa";"prints, shirts, badge commissions, pins and buttons";"X";"X";"X";"";"";;;;;;;;;;;;;;;;;
"144";"Animas Animus";"";"https://mobile.twitter.com/animas_animus";"Prints different sizes, small goods like mugs mousepads sticker, commissions";"X";"X";"X";"";"X";;;;;;;;;;;;;;;;;
"145";"RaptorsDen";"Raptors Den";"https://www.etsy.com/shop/TheRaptorsShop";"Fursuit Parts, Fursuit commissions, Art Sell, badge, prints,";"X";"X";"X";"";"";"Working with cosplay crafting, fursuit making, art doll making.
Not long ago we developed a new way of creating Vader-San's synth species
as a new type of cosplay/suit, synthsuit, dunno if this is the right word
though :D
If you interested we made a video on youtube from the first mini partial;
https://www.youtube.com/watch?v=xextOTlmIi8";"";"";"https://www.facebook.com/RaptorsDenSculpts";"https://twitter.com/RaptorsDen";"";"Arthenion#9672";"Synth suits, Fursuits, Artdolls - twitter.com/RaptorsDen";"";"";"";"X";"";"";"";"";"X"
"146";"Merion";"Merionic";"http://www.instagram.com/merionicfigures/";"One-of-a-kind sculptures, resin figurines, original drawings";"X";"X";"X";"";"";;;;;;;;;;;;;;;;;
"147";"WhiteLeonard";"WhiteLeonard";"https://twitter.com/snowrealm https://www.furaffinity.net/user/whiteleonard";"Commission artwork, T-shirts, merchandise, posters, art-books and comics";"X";"X";"X";"";"";;;;;;;;;;;;;;;;;
"149";"RedCoatCat";"RedCoatCat";"http://www.furaffinity.net/user/redcoatcat/";"Anthro Comics both PG and adult rated.  Limited /unlimited Prints both loose and matted in two different sizes. Magnets, stickers, lanyards, coasters, card decks, heraldry themed species badges and mugs.  I have two sizes of commissions I offer at conventions only finished at the con.  Here is a link to my display last year I have more products available now. http://redcoatcat.com/stuff/ef2019.jpg";"X";"X";"X";"";"";;;;;;;;;;;;;;;;;
"150";"Kiko";"Kikonine";"https://twitter.com/KikonineArt";"Prints, Stickers, Lanyards/Wristbands, Commissions";"X";"X";"X";"";"";;;;;;;;;;;;;;;;;
"151";"Mystifur";"Mystic-Creatures";"http://Mystic-Creatures.com";"Fursuits and Parts, Undersuits, Fursuit Accessoires, Live Sewing";"X";"X";"X";"";"";;;;;;;;;;;;;;;;;
"152";"niku30";"Niku30";"https://www.artstation.com/niku30 , https://www.instagram.com/Niku30__/ (good example of anthro artwork)";"Undecided. Prints perhaps, digital commissions, keychains, can draw human and anthro";"X";"X";"X";"";"";;;;;;;;;;;;;;;;;
"153";"camaro cougar";"CandyPaws";"http://candypaws.webs.com";"Fursuit Sprays";"X";"X";"X";"";"";;;;;;;;;;;;;;;;;
"154";"Renn";"Renn";"http://beasthorizon.com";"Custom fursuits, 3D printed bases and parts, 3D printed skulls, T-shirts, stickers.";"X";"X";"X";"";"";;;;;;;;;;;;;;;;;
"155";"Alastair Wildifre";"Alastair Wildfire";"https://www.alastairwildfire.com/illustration.html";"Originals, commissions, prints, batches, stickers, pins, buttons.";"X";"X";"X";"";"";;;;;;;;;;;;;;;;;
"156";"Franko";"Franko's Artshop";"http://www.furaffinity.net/user/negger";"Prints, Franko graphic novels, commissions";"X";"X";"X";"";"";;;;;;;;;;;;;;;;;
"157";"ShinigamiGirl";"";"https://www.furaffinity.net/user/shinigamigirl/";"at con commissions, loose and matted prints, enamel pins, acrylic charms, vinyl stickers";"X";"X";"X";"";"";;;;;;;;;;;;;;;;;
"158";"mag";"mag ferret";"http://twitter.com/magferret";"shirts, hats, stickers, buttons, prints and commissions";"X";"X";"X";"";"";;;;;;;;;;;;;;;;;
"159";"Fox Amoore";"Fox Amoore";"";"CDs and LPs";"X";"X";"X";"";"";;;;;;;;;;;;;;;;;
"160";"AlectorFencer";"AlectorFencer";"http://www.yriachronicles.com";"Books, Prints";"X";"X";"X";"";"";;;;;;;;;;;;;;;;;
"161";"kenket";"kenket";"https://twitter.com/tessgarman";"Art prints, posters, originals, sketchbooks, stickers, keychains, STUFF and THINGS.";"X";"X";"X";"";"";;;;;;;;;;;;;;;;;
"162";"wylfi";"";"https://www.instagram.com/wylfi/";"prints, comics, pins, keychains, stickers, commissions";"X";"X";"X";"";"";;;;;;;;;;;;;;;;;
"164";"xtorbenx";"Artworktee";"http://www.furaffinity.net/user/fur-n-prints/ http://artworktee.com";"A wide Variety of Sublimation Printed, Textile, Metal,glass and ceramic, Merch. Tshirts and mystery boxes";"X";"X";"X";"";"";;;;;;;;;;;;;;;;;
"165";"Awoonews";"Awoonews";"http://awoonews.com";"We run a furry news website, AwooNews.com, and would like to attend the event to get the word out about it. We will have a few items for sale but our primary objective is to find new writers and to let people know about our site.";"X";"X";"X";"";"";;;;;;;;;;;;;;;;;
"166";"Ganryu";"GanryuSasaki";"https://www.furaffinity.net/gallery/ganryu/";"prints (A4, postcards, 148x148mm), artbooklets, buttons (pre made and as commission), stickersheet, drawing commissions";"X";"X";"X";"";"";;;;;;;;;;;;;;;;;
"167";"Mipsy";"Furry Tailor";"http://Www.furrytailor.co.uk";"Fursuit hand paws,  tails,  feet paws,  maybe a partial or two,  squishies with hair";"X";"X";"X";"";"";;;;;;;;;;;;;;;;;
"168";"sasharjones";"";"http://sasharjones.com";"Originals, Prints, Playmats, Mousepads.";"X";"X";"X";"";"";;;;;;;;;;;;;;;;;
"169";"Sternengaukler";"Birb Brothers (Sternengaukler + Federkeks)";"http://www.furaffinity.net/user/ylangylang/";"Pill Lottery (no blanks), Originals, Prints, On Spot Commissions, Keychains, Magnets and much more :)";"X";"X";"X";"";"";;;;;;;;;;;;;;;;;
"170";"Federkeks";"Birb Brothers (Sternengaukler + Federkeks)";"https://www.furaffinity.net/user/federkeks/";"Prints, traditional artworks, on spot commissions, comics and more";"X";"X";"X";"";"";;;;;;;;;;;;;;;;;
"171";"Scale";"#TeamItalia";"http://alessioscalerandi.com";"Commissions, originals, prints and illustrated books.";"X";"X";"X";"";"";;;;;;;;;;;;;;;;;
"172";"Vinaru";"Vinaru";"http://www.furaffinity.net/user/vinaru/";"Commissions, Prints, Sticker";"X";"X";"";"";"";;;;;;;;;;;;;;;;;
"173";"Sanssouci";"#TeamItalia";"https://www.furaffinity.net/user/sanssouci/";"Commissions, prints, postcards";"X";"X";"X";"";"";;;;;;;;;;;;;;;;;
"174";"Buxbi";"Buxbi";"";"prints, acrylic charms + standies + pins, book";"X";"X";"X";"";"";;;;;;;;;;;;;;;;;
"175";"ti-killa";"";"https://www.instagram.com/killingtea/?hl=de";"commissions,pins, buttons, scarfs/bandannas, postcards,stickers, other printed/crafted items, maybe mugs and originals";"X";"X";"X";"";"";;;;;;;;;;;;;;;;;
"176";"Kanrei";"Kitty Fluff";"https://www.furaffinity.net/gallery/kanrei/";"badge commissions, blankets, bath towels, faux fur, keychain, tails, mug, stickers, dakimakura";"X";"X";"X";"";"";;;;;;;;;;;;;;;;;
"177";"Tanngrisnir";"Tanngrisnir";"http://www.furaffinity.net/gallery/tanngrisnir/";"Prints, stickers, enamel pins, digital commissions, acrylic charms, makeup bags, mousepads";"X";"X";"X";"";"";;;;;;;;;;;;;;;;;
"178";"Riffuchs";"Riffuchs' Honey";"";"Honey, Mead, Bee Wax Products";"X";"X";"X";"";"";;;;;;;;;;;;;;;;;
"180";"thelivingshadow";"The Living Shadow";"http://www.furaffinity.net/user/thelivingshadow/";"prints, stickers, zines and commissions such as: badges, sketches, ref sheets, illustrations";"X";"X";"X";"";"";"I'm a freelance artist from Toronto,Canada and I like working on fantasy/sci-fi themed art as well as slice-of-life themed art too! I'll be offering commissions of all kinds such as paintings, illustrations, sketches, badges and ref sheets this month as well as selling prints as well! 

For more information about what kind of prints I have for sale feel to browse though my FA gallery

and my commission prices can be found here:
https://twitter.com/SanthanVutha/status/1289675885868486656";"";"";"http://www.furaffinity.net/user/thelivingshadow/";"@SanthanVutha";"";"Santhan#3128";"I'm offering commissions of all kinds this month! https://twitter.com/SanthanVutha/status/1289675885868486656";"";"";"";"X";"";"";"";"";"X"
"181";"MouthMutt";"MouthMutt";"https://mouthmonsterstudio.wixsite.com/mouthmutt";"Prints, stickers, charms, pins, commissions and crafts";"X";"X";"X";"";"";;;;;;;;;;;;;;;;;
"182";"Neotheta";"Neotheta";"https://neotheta.fi";"Printed merch, t-shirts, pillowcases, playmats, bags, charms";"X";"X";"X";"";"";;;;;;;;;;;;;;;;;
"183";"Anatoliba";"";"http://anatoliba.deviantart.com/";"sketch/pencil commissions, badge commissions, stickers etc.";"X";"X";"X";"";"";;;;;;;;;;;;;;;;;
"184";"Meoxie";"Rat & Pupz";"https://twitter.com/Meoxie";"Commissions, goodies, prints, etc";"X";"X";"X";"";"";;;;;;;;;;;;;;;;;
"185";"Doggy";"Rat & Pupz";"https://www.etsy.com/shop/SadRatProd";"Fursuit sprays & soaps";"X";"X";"X";"";"";;;;;;;;;;;;;;;;;
"186";"Bean";"Rat & Pupz";"https://www.deviantart.com/lordmarlon";"Commissions & goodies";"X";"X";"X";"";"";;;;;;;;;;;;;;;;;
"187";"velkss";"";"https://www.deviantart.com/velkss/gallery/";"Sketch commissions, bracelets,pins,stickers,prints, t-shirts and charms";"X";"X";"X";"";"";;;;;;;;;;;;;;;;;
"188";"Llew";"#TeamItalia";"http://www.furaffinity.net/user/aurllew";"Illustrated books";"X";"X";"X";"";"";;;;;;;;;;;;;;;;;
"189";"yowulf";"Naomi Romero Art";"http://naomiromero.carbonmade.com";"Prints, enamel pins, stickers, charms, small plush toys";"X";"X";"X";"";"";;;;;;;;;;;;;;;;;
"190";"Waffles";"Waffle Wishes";"https://dakimakuradreams.com/";"Prints, Wallscrolls, Blankets, Playmats, Mousepads, Pillowcases, Shirts, Pants, and Art Books.";"X";"X";"X";"";"";;;;;;;;;;;;;;;;;
"191";"KaotikJuju";"KaotikJuju";"http://www.furaffinity.net/user/kaotikjuju/";"commissions, badge commissions,custom note book, stickers, bookmark, prints";"X";"X";"X";"";"";;;;;;;;;;;;;;;;;
"192";"Nomax";"";"https://www.furaffinity.net/user/nomax/";"Prints mainly, with some other merch secondarily (stickers, bookmarks etc.)";"X";"X";"X";"";"";;;;;;;;;;;;;;;;;
"193";"Avalon";"Fluffcreation “Avalon Blueavian”";"http://www.fluffcreation.com";"Fursuit headbags, Fursuit Supplies, Fursuit repair, Merchandise, maybe Pawpets and Kigus.";"X";"X";"X";"";"";;;;;;;;;;;;;;;;;
"194";"Ryuko";"RyukoArt";"http://www.furaffinity.net/user/ryuko/";"I'm planning to sell bodypillow covers, stickers, sketch commissions, prints and other merchnd other small similar products";"X";"X";"X";"";"";;;;;;;;;;;;;;;;;
"195";"iPoke";"";"http://www.furaffinity.net/user/ipoke/";"Prints (artwork and comics), commissions (badges and other)";"X";"X";"";"";"X";;;;;;;;;;;;;;;;;
"196";"Revaivwra";"Revaivwra";"";"My own comic books, funny prints, postcards, pins all in a cartoony and funny look as well as commissions on con";"X";"X";"X";"";"";;;;;;;;;;;;;;;;;
"197";"herpydragon";"Herpydragon";"https://www.furaffinity.net/gallery/herpydragon/";"Stickers, prints, commissions, postcards, buttons, posters";"X";"X";"X";"";"";;;;;;;;;;;;;;;;;
"198";"tabalon";"Lokyr Mead";"http://lokyr.com";"Bottled mead, furry merchandise, custom prints";"X";"X";"X";"";"";;;;;;;;;;;;;;;;;
"199";"Twice";"Twice";"http://www.furaffinity.net/user/twice/";"Commissions, originals, prints, kitchen towels, bags, sketchbooks";"X";"X";"X";"";"";;;;;;;;;;;;;;;;;
"200";"Virensere";"";"http://www.furaffinity.net/user/virensere/";"Resin creations (charms, figures, dice, magnets), Prints and stickers, on-site commissions";"X";"X";"X";"";"";;;;;;;;;;;;;;;;;
"201";"Eroskun";"Eroskunlove";"https://www.furaffinity.net/user/eroskun/";"Erotic drawings, stickers and dakimakuras";"X";"X";"X";"";"X";"Hey!! im a gay furry and bara NSFW artist!! (only +18 allowed, not teens please!)
be welcome and have fun with my big muscles!! :D";"";"";"https://www.furaffinity.net/user/eroskun/";"https://twitter.com/eroskunlove";"";"eroskun #9857";"for commission fill my form: https://forms.gle/zshobDnGbBUBjaMR9";"";"";"";"X";"";"";"";"";"X"
"202";"Echoes Above";"Tillivision";"";"Vinyl Stickers and on-demand badge printing";"X";"X";"X";"";"";;;;;;;;;;;;;;;;;
"203";"phallybro";"Phallybro";"http://www.furaffinity.net/user/phallusbro/, https://twitter.com/phallusbro";"Commissions, prints, art book/zine";"";"X";"X";"";"";;;;;;;;;;;;;;;;;
"204";"gamibri";"gamibri";"http://gamibri.com";"Posters, prints, badges and sketchs!";"X";"X";"X";"";"";;;;;;;;;;;;;;;;;
"205";"chubby-shark";"";"http://www.furaffinity.net/gallery/chubby-shark/";"Traditional commissions, comic books, prints, postcards, charms and pins.";"X";"X";"X";"";"";;;;;;;;;;;;;;;;;
"206";"Zeor Karethran";"Zeor's PlushiePalace";"";"Plushies, stuffed animals, squeakers";"X";"X";"X";"";"";;;;;;;;;;;;;;;;;
"207";"laser";"";"http://furaffinity.net/user/laser";"prints, stickers, shirts";"X";"X";"X";"";"";"Adult digital illustrations. Mainly equine, and beefy on top of that.";"";"";"http://furaffinity.net/user/laser";"laserpaints";"";"Real Human Bean#0001";"Breaking News: Big lewd hoers sighted @laserpaints";"";"";"";"X";"";"";"";"";"X"
"208";"Ludger";"Fabulous Fantasies";"";"silicone sex toys (dildos, sheaths and balls)";"X";"X";"X";"";"X";;;;;;;;;;;;;;;;;
"209";"EosFoxx";"EosFoxx";"http://Eosfoxx.de";"Prints, mugs, shirts and more";"X";"X";"X";"";"";;;;;;;;;;;;;;;;;
"210";"Imiak";"";"http://www.imiakart.com";"presentation of a furry videogame project (https://presscattocontinue.itch.io/first-harvest), artwork prints, merchandise, sketch commissions";"X";"X";"X";"";"";;;;;;;;;;;;;;;;;
"211";"Fleeks";"Art of Fleeks";"http://fleeks.art";"Sketches, Art Prints, Buttons, Pins, Chili Sauce, Shirts, Jewelry, Door Signs, Shiny Stuff, Free Cookies";"X";"X";"X";"";"";"I am an LGTBQIA+ friendly German Artist specialized on vintage and modern vector designs and colorful experimental artworks. I love to design sleek merchandise. I have an artistic bias for dragons, birds, kobolds, cats and sharks, but I am not afraid of any species. I am also crazy for hot sauces!

I am open for exclusive EF ONLINE commissions!";"";"";"http://fleeks.art";"featherfleeks";"";"Sputtelspecht#7847";"Fleeks is a Euro Artist specialized in vintage and modern vector designs, colorful experimental artworks, and merchandise. Twitter: @Featherfleeks";"";"";"";"X";"";"";"";"";"X"
"212";"jonathanvair";"Jonathan Vair Duncan / Stigmata";"https://www.furaffinity.net/gallery/stigmata/";"Prints, playmats, mousepads, and art books";"X";"X";"X";"";"";;;;;;;;;;;;;;;;;
"213";"Djigr";"";"http://djigr.deviantart.com";"(badge) commissions, furry and dinosaur merchandise";"X";"X";"X";"";"";;;;;;;;;;;;;;;;;
"214";"LiLaiRa";"LiLaiRa";"http://lilaira.deviantart.com";"Stickers, Magnets, Prints, Artbooks, Enamel pins, Soaps";"X";"X";"X";"";"";;;;;;;;;;;;;;;;;
"215";"Dolphiana";"";"http://www.furaffinity.net/user/dolphiana/";"Prints, sketches, traditional artwork, magnets, commissions";"X";"X";"X";"";"";;;;;;;;;;;;;;;;;
"216";"Grimm";"GrimmDrawn";"http://www.furaffinity.net/user/grandtaurus/";"artwork/prints/posters, commissions, playmats, cards, tshirts";"X";"X";"X";"";"";;;;;;;;;;;;;;;;;
"217";"Pan Hesekiel Shiroi";"Pan Heskiel Shiroi";"http://pan-hesekiel-shiroi.de";"sketch and badge commissions, prints, matted and double matted prints, concept art, official Pawpet Show posters, Paws'n'Claws card decks";"X";"X";"X";"";"";;;;;;;;;;;;;;;;;
"218";"Dragarta";"";"http://www.dragarta.com";"Dragon Calendars 2021, prints, bookmarks, buttons, cosmetic bags, stickers and other";"X";"X";"X";"";"";;;;;;;;;;;;;;;;;
"219";"Jojo-Tiger";"Urban Fursuit Originals";"";"buttons, fursuit parts, resin trinkets, prints";"X";"X";"X";"";"";;;;;;;;;;;;;;;;;
"221";"Dinski";"";"http://Dinski.carrd.co";"Fursuit: pre-made handpaws, feetpaws, tails, small parts; merchandise: Keychains, stickers, pins, prints, etc. ; art: quick badge commissions (done at con), sketch commissions (done at con), digital homework commissions";"X";"X";"X";"";"";;;;;;;;;;;;;;;;;
"222";"heyriel";"";"http://heyriel.deviantart.com/";"Prints of digital art, traditional media originals and sketch commissions";"X";"X";"X";"";"";;;;;;;;;;;;;;;;;
"223";"tanutanuki";"tanutanuki";"http://www.furaffinity.net/user/tanutanuki/";"pencil sketch commissions, badge commissions, traditional art originals, prints, prints on canvas, stickers,polymer clay figurines, plush fursuit accessories";"X";"X";"X";"";"";;;;;;;;;;;;;;;;;
"224";"mur der wolf";"Murderwolf's Hoard";"";"Animal inspired rings,necklaces, bracelets, pins, cheap badges and keychains";"X";"X";"X";"";"";;;;;;;;;;;;;;;;;
"225";"scritt";"Twin Tail Creations";"https://twintailcreations.com/";"Silicone Adult Toys, Accessories";"X";"X";"X";"";"X";;;;;;;;;;;;;;;;;
"226";"Honey";"Alpha Dogs";"";"Ita-mal backpacks, merchandise such as stickers, pins, fursuit items";"X";"X";"X";"";"";;;;;;;;;;;;;;;;;
"227";"ellie";"Eli Spencer";"http://elispencer.com";"shirts, prints, charms, commissions, zines/books!";"X";"X";"X";"";"";;;;;;;;;;;;;;;;;
"228";"Calimdor";"Calimdor";"http://www.calimdor.de";"Sketches, Badge Commissions, Traditional Art, Communication of digital drawings for after the con";"X";"X";"X";"";"";;;;;;;;;;;;;;;;;
"229";"sophie";"Sophie Robin";"http://sophierobin.com";"gentle puppy tshirts, dragon zines, stickers, prints, Animal charms, commissions";"X";"X";"X";"";"";;;;;;;;;;;;;;;;;
"230";"anoroth";"";"https://www.furaffinity.net/user/anoroth/";"I'd like to sell all kinds of prints, stickers, badge and sketch commissions and some print-related merch";"X";"X";"X";"";"";;;;;;;;;;;;;;;;;
"231";"Rox goupil";"";"http://www.furaffinity.net/user/-rox-/";"Prints and traditional commissions";"X";"X";"X";"";"";;;;;;;;;;;;;;;;;
"232";"PapayaBadger";"Papaya Badger";"http://Papayabadger.com";"Badge commissions, light up keychains and bracelets, bluetooth name badges and collars, tote bags, blankets, face masks, enamel pins";"X";"X";"X";"";"";;;;;;;;;;;;;;;;;
"233";"Blajn";"Blajnart";"https://www.furaffinity.net/user/gryph000/";"Prints/canvass prints, pins/buttons, mugs,traditional pencil art, original arts, commission sketches,laminated badges, magnets.";"X";"X";"X";"";"";;;;;;;;;;;;;;;;;
"234";"Luki Saluki";"Dog In Disguise";"https://rytteremilie.wixsite.com/emilycreative";"Primarily vinyl stickers. Both premade as different paw prints and furry words such as ""OWO"", But also custom vinyl stickers such as your characters name. It will be printed on the convention on the vinyl cutter.";"X";"X";"X";"";"";;;;;;;;;;;;;;;;;
"235";"Ruef";"Ruef n' Beeb";"http://ruefnbeeb.com";"We sell T-shirts, body pillows, drawstring bags, mousepad, lanyards, enamel pins, stickers, buttons and Live Traditional and Digital commissions!";"X";"X";"X";"";"";;;;;;;;;;;;;;;;;
"236";"Divided";"Divided";"https://www.weasyl.com/submissions/divided";"badge comissions, handmade leathercraft (writbands, collars, keychains...), prints";"X";"X";"X";"";"";;;;;;;;;;;;;;;;;
"237";"Velannal";"Velannal";"https://www.furaffinity.net/user/velannal/";"Prints, small comic, stickers, t-shirts, resin bookmarks";"X";"X";"X";"";"";;;;;;;;;;;;;;;;;
"238";"crowfangs";"";"http://crowfangs.com";"Pins, prints, embroidered patches, stickers, commissions";"X";"X";"X";"";"";;;;;;;;;;;;;;;;;
"239";"Gnulia";"";"http://www.juliabeutling.com";"prints, posters, postcards, small books, sketch commissions";"X";"X";"X";"";"";;;;;;;;;;;;;;;;;
"240";"EmilyCreative";"EmilyCreative";"https://rytteremilie.wixsite.com/emilycreative";"Commissions, stickers, Keychains, mugs and vinyl sticker designs.";"X";"X";"X";"";"";;;;;;;;;;;;;;;;;
"241";"datsasu";"dat sazu";"https://www.instagram.com/datsazu/ or https://t.me/sazuart (telegram chanel)";"Original artworks, prints and badges";"X";"X";"X";"";"";;;;;;;;;;;;;;;;;
"242";"SolarByte";"SolarByte";"http://www.furaffinity.net/gallery/solarbyte/";"Badges, pins, lanyard, prints, buttons";"X";"X";"X";"";"";;;;;;;;;;;;;;;;;
"243";"Toxikaiju";"TOXIKAIJU";"http://Furaffinity.net/user/toxicclaws";"Prints, badges, charms, drawings, stickers";"X";"X";"X";"";"";;;;;;;;;;;;;;;;;
"244";"CRP";"";"http://crp.parafin.sk/ creepyriver.deviantart.com";"Handmade leather items (belts, handbags, wallets, bracelets, small leather accessories,...); Fimo brooches and necklaces; buttons.";"X";"X";"X";"";"";;;;;;;;;;;;;;;;;
"245";"FrauLion";"HyenaAgenda";"https://hyena-agenda.com/";"Apparel and accessories for your inner hyena!";"X";"X";"X";"";"";;;;;;;;;;;;;;;;;
"246";"pinkferal";"pinkferal";"https://twitter.com/PinkFeral";"Plushies, toys, stickers, enamel pins, mouse pads, sketches, t shirts and posters";"X";"X";"X";"";"";;;;;;;;;;;;;;;;;
"247";"Herbst";"Snerbst Plushies";"https://www.instagram.com/snerbstplushies/";"Plushies (Custom and premade), plush keychains/charms, fursuit plush props";"X";"X";"X";"";"";;;;;;;;;;;;;;;;;
"248";"rmdragons";"Rocky Mountain Dragons LLC";"http://www.rmdragons.com";"We sell custom shoulder packs, wearable art dolls, and plushies";"X";"X";"X";"";"";;;;;;;;;;;;;;;;;
"250";"RSKemono";"Rising Sun Kemono";"http://www.RSKemono.com";"We make Japanese Kemono Style Fursuits";"X";"X";"X";"";"";;;;;;;;;;;;;;;;;
"251";"TokoKami";"TokoKami";"https://sta.sh/2fjboge0iu3?edit=1";"Prints of var. sizes, Postcards, Stickers, ACEO Cards, Buttons, Onsite Commissions, Badge Comissions, Originals";"X";"X";"X";"";"";;;;;;;;;;;;;;;;;
"252";"NORR";"Muura & NORR";"https://www.furaffinity.net/user/norrthehungerer/";"limited edition lino prints, pins, textile merch, small ceramics";"X";"X";"X";"";"";;;;;;;;;;;;;;;;;
"253";"muura";"muura";"http://muura.tumblr.com";"pins, enamel pins, stickers, graphic art prints, zines, commissions";"X";"X";"X";"";"";;;;;;;;;;;;;;;;;
"254";"Staphilea";"PlushiesRain";"https://www.deviantart.com/staphilea";"Plush, patch and keychain";"X";"X";"X";"";"";;;;;;;;;;;;;;;;;
"255";"Leundra";"Leundra";"https://www.deviantart.com/leundra";"prints, suit parts, pendants, original art";"X";"X";"X";"";"";;;;;;;;;;;;;;;;;
"256";"zhenya";"zhenya";"https://zuckerluchs.de/gallery/";"commissions, prints, stickers";"X";"X";"X";"";"";;;;;;;;;;;;;;;;;
"257";"Rez";"Mountain Badger";"https://mtnbadger.com";"T-shirts, underwear, prints, and stickers";"X";"X";"X";"";"";;;;;;;;;;;;;;;;;
"258";"Cruz";"Cruz";"https://www.weasyl.com/~cruz";"Buttons, Posters, Tote Bags";"X";"X";"X";"";"";;;;;;;;;;;;;;;;;
"259";"Emithegoat";"Emi The Goat";"https://www.furaffinity.net/user/sugaryviolet/";"Badges, prints, pins, mugs, commissions";"X";"X";"X";"";"";;;;;;;;;;;;;;;;;
"260";"Gideon";"";"http://www.gideonscorral.com";"art, sketchbook sketches, sketches, merchandize, art dvds, and much more";"X";"X";"X";"";"";;;;;;;;;;;;;;;;;
"262";"Wishkamon";"Traffic Cone Creations";"https://m.facebook.com/TrafficConeCreations";"I want to offer custom Kigurumi/hoodie slots as well as some premades and possibly fursuit props";"X";"X";"X";"";"";;;;;;;;;;;;;;;;;
"264";"Jyanon";"Jyanon";"https://www.furaffinity.net/user/jyanon/";"Fursuit Photographie and Convention Project Management";"X";"X";"X";"";"";;;;;;;;;;;;;;;;;
